{
    "name": "000001",
    "timestamp": 0,
    "index": 1,
    "labels": [
        {
            "id": 1,
            "category": "Car",
            "box3d": {
                "location": {
                    "x": -0.9969175029538491,
                    "y": -38.69317913045427,
                    "z": -1.2679895304161408
                },
                "dimension": {
                    "width": 1.7456061840057373,
                    "length": 4.708746910095215,
                    "height": 1.5380195379257202
                },
                "orientation": {
                    "rotationYaw": 0.14170256455475894,
                    "rotationPitch": 0,
                    "rotationRoll": 0
                }
            }
        },
        {
            "id": 2,
            "category": "Car",
            "box3d": {
                "location": {
                    "x": -11.875659942626953,
                    "y": -28.584253311157227,
                    "z": -1.1764512062072754
                },
                "dimension": {
                    "width": 1.8246525526046753,
                    "length": 4.154930114746094,
                    "height": 1.4076584577560425
                },
                "orientation": {
                    "rotationYaw": 3.9471536000543317,
                    "rotationPitch": 0,
                    "rotationRoll": 0
                }
            }
        },
        {
            "id": 3,
            "category": "Car",
            "box3d": {
                "location": {
                    "x": 26.029391688726562,
                    "y": 9.458823658682036,
                    "z": -0.878351778172369
                },
                "dimension": {
                    "width": 2.0425333976745605,
                    "length": 4.8718061447143555,
                    "height": 1.8974950313568115
                },
                "orientation": {
                    "rotationYaw": 3.131668361025401,
                    "rotationPitch": 0,
                    "rotationRoll": 0
                }
            }
        },
        {
            "id": 4,
            "category": "Car",
            "box3d": {
                "location": {
                    "x": 7.066287517547607,
                    "y": -41.02307891845703,
                    "z": -1.1766657829284668
                },
                "dimension": {
                    "width": 1.7213102579116821,
                    "length": 4.748326301574707,
                    "height": 1.4444016218185425
                },
                "orientation": {
                    "rotationYaw": 6.081188654891694,
                    "rotationPitch": 0,
                    "rotationRoll": 0
                }
            }
        },
        {
            "id": 5,
            "category": "Car",
            "box3d": {
                "location": {
                    "x": 45.00757598876953,
                    "y": 0.7134484648704529,
                    "z": -1.3726370267315207
                },
                "dimension": {
                    "width": 1.871203899383545,
                    "length": 4.079574108123779,
                    "height": 1.6068871021270752
                },
                "orientation": {
                    "rotationYaw": 2.7457537968927106,
                    "rotationPitch": 0,
                    "rotationRoll": 0
                }
            }
        },
        {
            "id": 6,
            "category": "Car",
            "box3d": {
                "location": {
                    "x": 33.84749221801758,
                    "y": 6.647745609283447,
                    "z": -1.163730502128601
                },
                "dimension": {
                    "width": 1.7117009162902832,
                    "length": 4.244619846343994,
                    "height": 1.4961812496185303
                },
                "orientation": {
                    "rotationYaw": 2.753302129107066,
                    "rotationPitch": 0,
                    "rotationRoll": 0
                }
            }
        },
        {
            "id": 7,
            "category": "Car",
            "box3d": {
                "location": {
                    "x": -12.939452171325684,
                    "y": -38.86998748779297,
                    "z": -1.1824709177017212
                },
                "dimension": {
                    "width": 1.7874534130096436,
                    "length": 4.087010383605957,
                    "height": 1.4045615196228027
                },
                "orientation": {
                    "rotationYaw": 0.34081760247284976,
                    "rotationPitch": 0,
                    "rotationRoll": 0
                }
            }
        },
        {
            "id": 8,
            "category": "Car",
            "box3d": {
                "location": {
                    "x": 16.09961141847191,
                    "y": 2.2441862041183356,
                    "z": -1.0851360821293023
                },
                "dimension": {
                    "width": 1.9871797561645508,
                    "length": 4.3121538162231445,
                    "height": 1.391538143157959
                },
                "orientation": {
                    "rotationYaw": 3.588504823046275,
                    "rotationPitch": 0,
                    "rotationRoll": 0
                }
            }
        },
        {
            "id": 9,
            "category": "Car",
            "box3d": {
                "location": {
                    "x": 54.64401685621457,
                    "y": -2.9081035025770916,
                    "z": -1.5011897673062937
                },
                "dimension": {
                    "width": 1.8608672618865967,
                    "length": 4.491567134857178,
                    "height": 1.6215827465057373
                },
                "orientation": {
                    "rotationYaw": 2.922738345461436,
                    "rotationPitch": 0,
                    "rotationRoll": 0
                }
            }
        },
        {
            "id": 10,
            "category": "Car",
            "box3d": {
                "location": {
                    "x": 37.15433522149317,
                    "y": 9.52385295002776,
                    "z": -1.2339278905676163
                },
                "dimension": {
                    "width": 1.9067984819412231,
                    "length": 4.498213291168213,
                    "height": 1.4956731796264648
                },
                "orientation": {
                    "rotationYaw": 2.734384687738963,
                    "rotationPitch": 0,
                    "rotationRoll": 0
                }
            }
        },
        {
            "id": 11,
            "category": "Car",
            "box3d": {
                "location": {
                    "x": 0.8569065254568784,
                    "y": -14.71125619047831,
                    "z": -1.183545708656311
                },
                "dimension": {
                    "width": 1.7630285024642944,
                    "length": 3.9722704887390137,
                    "height": 1.4633375406265259
                },
                "orientation": {
                    "rotationYaw": 4.290142091112681,
                    "rotationPitch": 0,
                    "rotationRoll": 0
                }
            }
        },
        {
            "id": 12,
            "category": "Car",
            "box3d": {
                "location": {
                    "x": -29.912790298461914,
                    "y": -46.6987419128418,
                    "z": -1.5271672010421753
                },
                "dimension": {
                    "width": 1.7782410383224487,
                    "length": 4.4965620040893555,
                    "height": 1.6138628721237183
                },