{
   "channel": "CAM_FRONT",
   "modality": "camera",
   "intrinsic": [
      1938.3459700000001,
      0,
      959.5,
      0,
      1937.09807,
      509.5,
      0,
      0,
      1
   ],
   "distortion": [
      -0.58121,
      0.43896000000000002,
      0.0076400000000000001,
      0.00029,
      0
   ],
   "undistort_intrinsic": [
      1938.3459700000001,
      0,
      959.5,
      0,
      1937.09807,
      509.5,
      0,
      0,
      1
   ],
   "undistort_distortion": [
      -0.58121,
      0.43896000000000002,
      0.0076400000000000001,
      0.00029,
      0
   ],
   "image_size": [
      1920,
      1020
   ],
   "rotation": [
      -0.9998287608014427,
      -0.015228841723035692,
      0.01051339402984839,
      -0.010210157080755415,
      -0.019854744273440694,
      -0.9997507398457992,
      0.015433786529508064,
      -0.9996868867348472,
      0.019695855496793313
   ],
   "target": "lidar_roof",
   "translation": [
      0.04181118289529858,
      -0.41499761434330606,
      -0.3082907020726868
   ]
}