{
    "target_points":[
        [0.888373,-16.183620,-0.882616],
        [2.090569,-14.674406,-0.718980],
        [-12.028316,-26.403503,-0.894068],
        [11.474495,-29.418423,-0.973040],
        [0.785198,-23.157251,0.789295],
        [-0.753449,-23.226303,0.791616]     
    ],
    "pixel_points":[
        [874,618],
        [696,597],
        [1788,602],
        [271,580],
        [916,459],
        [1041,458]
    ]
}