{
    "name": "000001",
    "timestamp": 0,
    "index": 1,
    "labels": [
        {
            "id": 0,
            "category": "human.pedestrian.adult",
            "box3d": {
                "location": {
                    "x": -30.417316196965963,
                    "y": -6.133392095240804,
                    "z": -0.09931400000000012
                },
                "dimension": {
                    "width": 11.711971128779584,
                    "length": 2.6264960339778485,
                    "height": 3.87
                },
                "orientation": {
                    "rotationYaw": 0,
                    "rotationPitch": 0,
                    "rotationRoll": 0
                }
            }
        },
        {
            "id": 1,
            "category": "human.pedestrian.adult",
            "box3d": {
                "location": {
                    "x": -21.52579381261259,
                    "y": -17.91698049266826,
                    "z": -1.09
                },
                "dimension": {
                    "width": 0.59375,
                    "length": 0.5558121632027415,
                    "height": 1.468628
                },
                "orientation": {
                    "rotationYaw": 0,
                    "rotationPitch": 0,
                    "rotationRoll": 0
                }
            }
        },
        {
            "id": 2,
            "category": "human.pedestrian.adult",
            "box3d": {
                "location": {
                    "x": -27.3000125626126,
                    "y": -13.587496274036383,
                    "z": -1.17
                },
                "dimension": {
                    "width": 0.8015625000000028,
                    "length": 0.6728252501927923,
                    "height": 1.468628
                },
                "orientation": {
                    "rotationYaw": 0,
                    "rotationPitch": 0,
                    "rotationRoll": 0
                }
            }
        },
        {
            "id": 3,
            "category": "human.pedestrian.adult",
            "box3d": {
                "location": {
                    "x": -25.94622053303106,
                    "y": 11.599248414769562,
                    "z": -1.0693139999999997
                },
                "dimension": {
                    "width": 4.684788451511832,
                    "length": 1.910178933802067,
                    "height": 1.81
                },
                "orientation": {
                    "rotationYaw": 0,
                    "rotationPitch": 0,
                    "rotationRoll": 0
                }
            }
        },
        {
            "id": 4,
            "category": "human.pedestrian.adult",
            "box3d": {
                "location": {
                    "x": -11.568766319770598,
                    "y": 7.7191974554841085,
                    "z": -1.17
                },
                "dimension": {
                    "width": 4.523244022149351,
                    "length": 1.5520203837141828,
                    "height": 1.468628
                },
                "orientation": {
                    "rotationYaw": 0,
                    "rotationPitch": 0,
                    "rotationRoll": 0
                }
            }
        },
        {
            "id": 5,
            "category": "human.pedestrian.adult",
            "box3d": {
                "location": {
                    "x": -33.68016008875963,
                    "y": -0.12049525199521732,
                    "z": -1.21
                },
                "dimension": {
                    "width": 3.755907982677588,
                    "length": 1.870383539347861,
                    "height": 1.468628
                },
                "orientation": {
                    "rotationYaw": 0,
                    "rotationPitch": 0,
                    "rotationRoll": 0
                }
            }
        }
    ]
}