{
   "channel" : "CAM_FRONT_TOP",
   "distortion" : [
      -0.56613575212554401,
      0.34309091757999899,
      -0.00030050042302677202,
      0.00039669635876701402,
      -0.124362451069957
   ],
   "image_size" : [ 1280, 720 ],
   "intrinsic" : [
      1302.2941946138601,
      -2.0750890681360898,
      681.13462003926202,
      0,
      1303.16138394276,
      387.60604911482329,
      0,
      0,
      1
   ],
   "modality" : "camera",
   "rotation" : [
      -0.055015553242989158,
      -0.0081318878762904473,
      0.99845238309141959,
      -0.99846690682348882,
      0.0065501089949041797,
      -0.054963006199526938,
      -0.006093018931712291,
      -0.99994548274979578,
      -0.0084797788046318406
   ],
   "target" : "rslidar_points",
   "translation" : [ 0.43933174884377468, -0.015384205131794355, -0.32816444795907479 ],
   "undistort_distortion" : [
      0.024725743572600101,
      -0.234220239179603,
      -0.00048773122601924698,
      -0.000138254467059906,
      0.65907567117974697
   ],
   "undistort_intrinsic" : [
      1304.19239626688,
      -9.2511088148112499,
      666.35700381237098,
      0,
      1304.2537088024401,
      394.11634596029199,
      0,
      0,
      1
   ]
}
