{
   "channel" : "CAM_FRONT_TOP",
   "distortion" : [
      -0.56613575212554401,
      0.34309091757999899,
      -0.00030050042302677202,
      0.00039669635876701402,
      -0.124362451069957
   ],
   "image_size" : [ 1280, 720 ],
   "intrinsic" : [
      1302.2941946138601,
      -2.0750890681360898,
      681.13462003926202,
      0,
      1303.16138394276,
      387.60604911482329,
      0,
      0,
      1
   ],
   "modality" : "camera",
   "rotation" : [
      -0.055015549063682556,
      -0.0081318812444806099,
      0.99845242500305176,
      -0.99846690893173218,
      0.0065501094795763493,
      -0.054963003844022751,
      -0.0060930196195840836,
      -0.99994552135467529,
      -0.0084797730669379234
   ],
   "target" : "rslidar_points",
   "translation" : [ 0.43933185935020447, -0.015384215861558914, -0.32816442847251892 ],
   "undistort_distortion" : [
      0.024725743572600101,
      -0.234220239179603,
      -0.00048773122601924698,
      -0.000138254467059906,
      0.65907567117974697
   ],
   "undistort_intrinsic" : [
      1304.19239626688,
      -9.2511088148112499,
      666.35700381237098,
      0,
      1304.2537088024401,
      394.11634596029199,
      0,
      0,
      1
   ]
}
