{
    "target_points":[
        [3.612351,-1.260774,-0.337581],
        [3.601554,-1.509676,-0.087125],
        [3.616652,-0.890895,-0.348027],
        [3.643460,-0.500715,-0.247620],
        [3.713760,0.639352,-0.240699],
        [3.682724,0.738677,-0.194302],
        [3.637017,1.374771,-0.316020],

        [5.531450,1.640031,-0.139118],
        [5.469248,1.520065,-0.403334],
        [5.429010,1.134052,-0.403679],
        [5.640391,1.826593,-0.163570],
        [5.642742,1.819977,-0.545344],
        [5.635988,1.937859,-0.558911],
        [5.526071,0.686491,-0.163237],
        [5.563313,0.924626,-0.430183],
        [5.542561,0.674802,-0.552739],
        [5.565725,0.602504,-0.173830],
        [5.568118,-0.415298,-0.289758],
        [5.501614,-0.661648,-0.229774],
        [5.437632,-1.179872,-0.492399],
        [5.488594,-1.469865,-0.572509],
        [5.471796,-1.827292,-0.159130],
        [5.472616,-2.105647,-0.294193],
        [5.426416,-2.220379,-0.182108],

        [7.956259,2.520977,-0.288739],
        [7.969047,2.423982,-0.157795],
        [7.982786,2.925893,-0.813691],
        [7.940093,1.803753,-0.551209],
        [7.944308,1.453956,-0.279363],
        [7.938185,1.827369,-0.808040],
        [7.887470,1.190158,-0.553876],
        [7.839295,0.435779,-0.271550],

        [27.575932,1.845557,2.274104],
        [29.389034,-6.728337,1.267388]
    ],
    "pixel_points":[
        [1093,387],
        [1191,286],
        [948,390],
        [786,350],
        [339,350],
        [297,332],
        [18,385],

        [157,338],
        [188,404],
        [288,405],
        [124,344],
        [127,441],
        [96,444],
        [416,341],
        [351,410],
        [419,441],
        [440,344],
        [699,374],
        [771,355],
        [905,420],
        [965,445],
        [1055,339],
        [1125,372],
        [1163,344],

        [141,378],
        [160,356],
        [73,473],
        [273,425],
        [333,376],
        [268,471],
        [380,425],
        [515,374],

        [504,259],
        [894,310]
    ]
}