{
    "target_points":[
        [-14.364647,-1.260562,0.178252],
        [-8.593011,2.905843,-0.519379],
        [-14.199880,0.113135,-1.561244],
        [-6.241002,3.024027,-0.287948],
        [-9.294236,-2.905609,-0.252355],

        [-19.236092,2.991171,-0.222126],
        [-91.981384,2.807599,3.373053],
        [-41.226154,11.308581,3.781969],
        [-35.247448,-5.501241,2.185958]

        
    ],
    "pixel_points":[
        [510,262],
        [859,284],
        [585,354],
        [1010,237],
        [322,261],

        [698,292],
        [602,290],
        [762,247],
        [479,261]

        
    ]
}