{
    "target_points":[
        [-4.944698,-2.752509,-0.550363],
        [-14.364647,-1.260562,0.178252],
        [-8.593011,2.905843,-0.519379],
        [-14.199880,0.113135,-1.561244],

        [-9.366233,5.867709,-0.981250],
        [-6.241002,3.024027,-0.287948],

        [-4.116326,2.838914,-0.077121]
    ],
    "pixel_points":[
        [54,252],
        [510,262],
        [859,284],
        [585,354],

        [1026,330],
        [1010,237],

        [1179,155]
    ]
}