{
   "channel" : "CAM_BACK",
   "distortion" : [
      -0.32660988198949498,
      0.10502054680200799,
      -0.015687940651788999,
      -0.001880626326643,
      -0.001394019051267
   ],
   "image_size" : [ 1280, 720 ],
   "intrinsic" : [
      692.68939999999998,
      -1.4014,
      646.09230000000002,
      0,
      694.2414,
      358.25740000000002,
      0,
      0,
      1
   ],
   "modality" : "camera",
   "rotation" : [
      0.085081726312637329,
      0.052727852016687393,
      -0.99497783184051514,
      0.99637031555175781,
      -0.0018074298277497292,
      0.085105016827583313,
      0.0026890523731708527,
      -0.998607337474823,
      -0.052690248936414719
   ],
   "target" : "rslidar_points",
   "translation" : [ -1.7687335014343262, 0.15311799943447113, -0.95009106397628784 ],
   "undistort_intrinsic" : [
      [ 542.23614999999995, -0.51969999, 638.64056000000005 ],
      [ 0, 632.94872999999995, 342.00470000000001 ],
      [ 0, 0, 1 ]
   ]
}
