{
   "channel" : "CAM_BACK",
   "distortion" : [
      -0.32660988198949498,
      0.10502054680200799,
      -0.015687940651788999,
      -0.001880626326643,
      -0.001394019051267
   ],
   "image_size" : [ 1280, 720 ],
   "intrinsic" : [
      692.68939999999998,
      -1.4014,
      646.09230000000002,
      0,
      694.2414,
      358.25740000000002,
      0,
      0,
      1
   ],
   "modality" : "camera",
   "rotation" : [
      0.11838279664516449,
      0.05000666156411171,
      -0.99170798063278198,
      0.99292141199111938,
      0.0037058666348457336,
      0.11871452629566193,
      0.0096116550266742706,
      -0.99874204397201538,
      -0.04921397939324379
   ],
   "target" : "rslidar_points",
   "translation" : [ -1.6189444065093994, -0.27444127202033997, -0.96324646472930908 ],
   "undistort_intrinsic" : [
      [ 542.23614999999995, -0.51969999, 638.64056000000005 ],
      [ 0, 632.94872999999995, 342.00470000000001 ],
      [ 0, 0, 1 ]
   ]
}
