{
   "channel" : "CAM_BACK",
   "distortion" : [
      -0.32660988198949498,
      0.10502054680200799,
      -0.015687940651788999,
      -0.001880626326643,
      -0.001394019051267
   ],
   "image_size" : [ 1280, 720 ],
   "intrinsic" : [
      692.68939999999998,
      -1.4014,
      646.09230000000002,
      0,
      694.2414,
      358.25740000000002,
      0,
      0,
      1
   ],
   "modality" : "camera",
   "rotation" : [
      0.093852050602436066,
      0.049407564103603363,
      -0.99435943365097046,
      0.99557393789291382,
      -0.0096154706552624702,
      0.093488909304141998,
      -0.0049421750009059906,
      -0.99873250722885132,
      -0.05009131133556366
   ],
   "target" : "rslidar_points",
   "translation" : [ -1.7476344108581543, 0.023160049691796303, -0.97048068046569824 ],
   "undistort_intrinsic" : [
      [ 542.23614999999995, -0.51969999, 638.64056000000005 ],
      [ 0, 632.94872999999995, 342.00470000000001 ],
      [ 0, 0, 1 ]
   ]
}
